0,Report for road damage near SKCET
1,Street light flickering in Kuniyamuthur
2,Street light flickering in Kuniyamuthur
3,Water leakage reported at 5th cross
4,Water leakage reported at 5th cross
5,Water leakage reported at 5th cross
6,Water leakage reported at 5th cross
7,Water leakage reported at 5th cross
8,Water leakage reported at 5th cross
9,Water leakage reported at 5th cross
10,Water leakage reported at 5th cross
11,Water leakage reported at 5th cross
12,Water leakage reported at 5th cross